VendorID,tpep_pickup_datetime,tpep_dropoff_datetime,passenger_count,trip_distance,PULocationID,DOLocationID,fare_amount
1,2026-01-28 06:07:00,2026-01-28 07:00:00,3,2.12,13,141,22.19
1,2026-01-24 06:05:00,2026-01-24 06:39:00,4,2.76,236,143,19.22
1,2026-01-07 19:44:00,2026-01-07 20:12:00,2,3.88,143,136,20.87
2,2026-01-04 08:35:00,2026-01-04 08:58:00,1,1.38,36,233,12.62
2,2026-01-16 19:22:00,2026-01-16 20:17:00,2,3.24,137,29,25.82
1,2026-01-12 10:04:00,2026-01-12 10:46:00,3,2.4,109,162,20.23
1,2026-01-22 07:25:00,2026-01-22 08:03:00,1,3.51,161,253,22.34
1,2026-01-27 18:10:00,2026-01-27 18:34:00,2,3.4,138,223,18.52
2,2026-01-01 03:46:00,2026-01-01 04:24:00,4,1.53,135,92,16.79
1,2026-01-28 06:32:00,2026-01-28 06:47:00,2,2.07,102,192,12.55
2,2026-01-23 15:58:00,2026-01-23 16:42:00,4,1.52,1,166,18.25
1,2026-01-14 02:15:00,2026-01-14 02:36:00,3,2.14,30,41,14.25
1,2026-01-21 17:52:00,2026-01-21 18:40:00,1,1.86,244,192,20.21
2,2026-01-10 14:04:00,2026-01-10 14:42:00,3,2.65,132,122,19.92
1,2026-01-21 17:13:00,2026-01-21 17:48:00,1,1.6,98,28,16.23
2,2026-01-18 04:46:00,2026-01-18 05:07:00,4,0.3,230,39,9.09
2,2026-01-24 11:06:00,2026-01-24 11:22:00,1,3.29,79,195,16.22
2,2026-01-19 01:44:00,2026-01-19 01:59:00,1,2.12,250,98,12.68
1,2026-01-03 11:37:00,2026-01-03 12:21:00,2,1.7,132,35,18.77
2,2026-01-11 12:37:00,2026-01-11 13:25:00,1,1.32,161,154,18.69
2,2026-01-04 02:00:00,2026-01-04 02:24:00,2,0.71,38,81,10.99
1,2026-01-28 21:33:00,2026-01-28 22:21:00,1,2.67,5,154,22.47
2,2026-01-12 06:07:00,2026-01-12 07:00:00,1,1.87,55,80,21.49
2,2026-01-28 01:54:00,2026-01-28 02:32:00,4,3.72,136,251,22.91
1,2026-01-03 04:05:00,2026-01-03 04:11:00,2,4.31,227,58,16.58
2,2026-01-02 12:53:00,2026-01-02 13:36:00,1,3.23,190,76,22.8
2,2026-01-02 18:19:00,2026-01-02 18:36:00,4,5.14,162,212,21.63
1,2026-01-18 13:51:00,2026-01-18 14:16:00,1,2.4,82,117,15.98
2,2026-01-09 05:25:00,2026-01-09 05:48:00,3,3.05,169,36,17.29
1,2026-01-23 21:21:00,2026-01-23 21:34:00,2,1.9,15,134,11.57
1,2026-01-12 07:02:00,2026-01-12 07:53:00,1,5.94,79,224,32.37
2,2026-01-19 09:04:00,2026-01-19 09:18:00,3,3.23,207,99,15.54
1,2026-01-17 04:43:00,2026-01-17 05:17:00,3,0.3,147,110,12.34
2,2026-01-04 14:18:00,2026-01-04 15:03:00,2,1.95,76,38,19.71
1,2026-01-27 20:36:00,2026-01-27 21:26:00,2,4.06,162,238,26.88
2,2026-01-06 16:51:00,2026-01-06 17:39:00,2,2.38,238,163,21.67
2,2026-01-22 12:27:00,2026-01-22 12:43:00,4,0.3,229,244,7.84
1,2026-01-23 05:31:00,2026-01-23 05:54:00,3,2.72,123,226,16.36
1,2026-01-13 04:15:00,2026-01-13 04:42:00,1,2.48,140,164,16.71
2,2026-01-17 08:44:00,2026-01-17 09:39:00,2,2.89,213,11,24.85
2,2026-01-01 06:22:00,2026-01-01 07:16:00,2,3.9,153,200,27.42
2,2026-01-24 07:51:00,2026-01-24 08:05:00,2,0.83,15,14,8.84
2,2026-01-25 01:42:00,2026-01-25 02:17:00,4,0.81,230,168,14.02
1,2026-01-18 23:16:00,2026-01-18 23:23:00,1,4.21,230,79,16.53
2,2026-01-21 04:42:00,2026-01-21 05:24:00,1,1.2,59,112,16.86
1,2026-01-26 20:38:00,2026-01-26 21:28:00,4,3.4,138,155,25.02
1,2026-01-25 03:50:00,2026-01-25 04:23:00,2,0.62,138,186,12.97
2,2026-01-08 12:46:00,2026-01-08 13:31:00,2,0.4,139,248,15.38
2,2026-01-26 06:17:00,2026-01-26 06:38:00,2,1.86,166,45,13.47
2,2026-01-27 00:42:00,2026-01-27 01:09:00,4,3.39,195,15,19.25
2,2026-01-14 20:11:00,2026-01-14 21:03:00,3,1.18,236,209,19.31
1,2026-01-21 22:28:00,2026-01-21 22:39:00,2,2.24,9,151,12.04
1,2026-01-11 09:19:00,2026-01-11 09:32:00,1,2.41,236,99,12.99
2,2026-01-10 05:47:00,2026-01-10 06:38:00,1,3.91,68,65,26.7
1,2026-01-03 07:35:00,2026-01-03 07:44:00,2,4.48,162,130,17.78
2,2026-01-21 23:04:00,2026-01-21 23:19:00,1,1.61,28,77,11.24
1,2026-01-11 14:07:00,2026-01-11 14:53:00,1,2.05,230,109,20.25
2,2026-01-24 13:04:00,2026-01-24 13:14:00,4,2.59,150,120,12.76
2,2026-01-27 16:37:00,2026-01-27 17:10:00,4,0.43,102,59,12.47
2,2026-01-07 01:04:00,2026-01-07 01:20:00,2,1.62,31,158,11.54
1,2026-01-06 07:29:00,2026-01-06 07:36:00,4,3.44,237,47,14.37
2,2026-01-12 11:36:00,2026-01-12 12:30:00,2,3.88,21,90,27.37
2,2026-01-28 19:28:00,2026-01-28 19:44:00,4,2.01,138,169,12.62
2,2026-01-24 11:02:00,2026-01-24 11:20:00,3,2.84,79,186,15.45
1,2026-01-19 20:48:00,2026-01-19 21:13:00,2,2.7,162,8,16.8
2,2026-01-06 00:41:00,2026-01-06 01:18:00,2,1.93,79,150,17.65
1,2026-01-21 14:30:00,2026-01-21 15:05:00,4,0.3,125,75,12.59
2,2026-01-03 23:17:00,2026-01-03 23:53:00,2,3.91,77,177,22.95
2,2026-01-24 04:24:00,2026-01-24 04:54:00,4,1.77,123,78,15.46
1,2026-01-05 06:55:00,2026-01-05 07:07:00,3,2.11,226,234,11.91
2,2026-01-07 03:26:00,2026-01-07 03:36:00,3,2.29,80,241,11.9
2,2026-01-04 10:54:00,2026-01-04 11:06:00,1,1.18,19,52,9.29
2,2026-01-13 18:57:00,2026-01-13 19:29:00,2,3.43,221,93,20.62
2,2026-01-11 06:31:00,2026-01-11 06:59:00,3,2.53,5,154,17.07
1,2026-01-11 16:29:00,2026-01-11 16:52:00,2,0.43,248,5,9.95
2,2026-01-22 04:53:00,2026-01-22 05:48:00,1,1.37,147,118,20.57
1,2026-01-28 03:12:00,2026-01-28 04:01:00,1,0.3,129,71,16.1
2,2026-01-19 19:02:00,2026-01-19 19:18:00,4,1.33,237,132,10.72
1,2026-01-13 14:47:00,2026-01-13 15:00:00,4,2.74,174,240,13.93
2,2026-01-17 22:54:00,2026-01-17 23:06:00,1,1.95,203,120,11.45
2,2026-01-27 10:56:00,2026-01-27 11:41:00,3,1.08,168,114,17.27
1,2026-01-13 21:41:00,2026-01-13 21:54:00,1,0.74,210,72,8.31
2,2026-01-13 23:31:00,2026-01-13 23:43:00,1,2.59,60,121,13.26
1,2026-01-24 01:26:00,2026-01-24 01:47:00,3,1.68,144,186,12.95
2,2026-01-16 16:34:00,2026-01-16 16:43:00,1,1.59,184,204,9.7
1,2026-01-10 01:41:00,2026-01-10 02:36:00,1,5.21,26,76,31.34
1,2026-01-07 04:08:00,2026-01-07 04:25:00,1,1.95,129,57,12.72
1,2026-01-11 03:37:00,2026-01-11 04:32:00,2,1.87,65,186,21.98
1,2026-01-22 11:14:00,2026-01-22 12:06:00,2,0.3,23,155,16.84
2,2026-01-18 03:27:00,2026-01-18 04:08:00,2,2.91,141,167,21.39
1,2026-01-23 15:18:00,2026-01-23 15:56:00,2,3.62,233,221,22.62
2,2026-01-20 06:56:00,2026-01-20 07:28:00,2,3.19,117,174,19.93
1,2026-01-18 17:46:00,2026-01-18 18:19:00,2,3.16,132,50,20.1
1,2026-01-03 13:37:00,2026-01-03 14:15:00,3,0.94,54,109,15.14
1,2026-01-21 13:14:00,2026-01-21 13:42:00,4,2.83,56,189,17.92
1,2026-01-19 07:54:00,2026-01-19 08:42:00,1,3.84,74,206,25.75
1,2026-01-28 00:01:00,2026-01-28 00:54:00,1,1.16,47,111,19.5
2,2026-01-14 07:46:00,2026-01-14 08:30:00,1,4.13,42,227,25.55
1,2026-01-10 04:48:00,2026-01-10 05:32:00,4,3.12,221,29,22.72
2,2026-01-06 20:48:00,2026-01-06 21:39:00,1,3.25,67,118,24.85
2,2026-01-17 22:55:00,2026-01-17 23:26:00,4,2.82,138,11,18.65
2,2026-01-16 10:05:00,2026-01-16 10:17:00,2,1.94,224,125,11.45
1,2026-01-18 02:33:00,2026-01-18 03:11:00,1,3.02,40,100,20.97
1,2026-01-05 09:09:00,2026-01-05 09:24:00,2,2.58,102,226,13.97
1,2026-01-19 20:40:00,2026-01-19 21:09:00,2,5.32,79,147,25.16
1,2026-01-26 08:32:00,2026-01-26 08:44:00,2,4.31,165,176,18.07
1,2026-01-28 13:11:00,2026-01-28 13:32:00,1,3.56,21,225,18.22
2,2026-01-16 21:58:00,2026-01-16 22:28:00,3,2.02,145,210,16.15
2,2026-01-26 12:03:00,2026-01-26 12:13:00,1,3.6,172,169,15.57
1,2026-01-29 00:58:00,2026-01-29 01:25:00,1,3.11,77,42,18.46
2,2026-01-14 05:41:00,2026-01-14 05:55:00,4,1.67,201,44,11.19
2,2026-01-06 10:42:00,2026-01-06 11:29:00,1,3.19,48,217,23.67
1,2026-01-16 11:19:00,2026-01-16 11:38:00,1,3.41,93,175,17.3
1,2026-01-07 14:04:00,2026-01-07 14:16:00,3,1.65,152,260,10.63
1,2026-01-15 08:56:00,2026-01-15 09:30:00,2,3.23,236,146,20.55
2,2026-01-11 04:19:00,2026-01-11 05:03:00,1,0.3,230,71,14.84
1,2026-01-28 08:30:00,2026-01-28 08:41:00,2,4.21,43,114,17.55
2,2026-01-03 06:25:00,2026-01-03 06:39:00,4,0.3,161,20,7.34
1,2026-01-21 03:44:00,2026-01-21 04:38:00,1,1.98,72,241,22.05
2,2026-01-11 22:13:00,2026-01-11 22:23:00,2,2.14,155,57,11.49
1,2026-01-23 20:01:00,2026-01-23 20:40:00,2,3.52,132,260,22.62
1,2026-01-21 01:02:00,2026-01-21 01:31:00,1,0.71,199,130,12.23
1,2026-01-03 21:22:00,2026-01-03 21:36:00,1,1.49,162,33,10.67
2,2026-01-09 14:02:00,2026-01-09 14:10:00,2,0.3,103,162,5.84
2,2026-01-17 23:52:00,2026-01-18 00:25:00,1,1.99,19,205,16.83
1,2026-01-08 23:31:00,2026-01-09 00:00:00,3,0.3,255,137,11.09
1,2026-01-19 02:05:00,2026-01-19 02:49:00,1,1.09,221,93,17.04
1,2026-01-13 14:19:00,2026-01-13 15:03:00,3,1.8,229,219,19.05
1,2026-01-19 22:22:00,2026-01-19 22:30:00,1,1.14,229,181,8.18
1,2026-01-28 04:25:00,2026-01-28 05:03:00,1,1.25,187,82,16.01
2,2026-01-26 22:43:00,2026-01-26 22:51:00,1,4.0,225,65,16.2
1,2026-01-17 08:36:00,2026-01-17 09:23:00,1,4.05,79,143,26.1
2,2026-01-02 02:47:00,2026-01-02 03:24:00,3,2.61,96,199,19.57
1,2026-01-20 00:13:00,2026-01-20 01:03:00,1,1.79,147,252,20.51
1,2026-01-06 18:54:00,2026-01-06 19:45:00,1,3.59,162,90,25.8
2,2026-01-06 22:15:00,2026-01-06 22:22:00,2,0.72,253,185,6.77
1,2026-01-24 12:08:00,2026-01-24 12:42:00,4,1.63,132,239,16.07
1,2026-01-06 12:27:00,2026-01-06 12:36:00,1,1.1,258,64,8.33
2,2026-01-08 00:10:00,2026-01-08 01:01:00,4,0.48,166,116,17.1
1,2026-01-04 08:16:00,2026-01-04 08:24:00,1,5.55,173,15,20.54
2,2026-01-28 08:49:00,2026-01-28 09:24:00,2,2.94,136,38,19.97
2,2026-01-20 19:13:00,2026-01-20 19:26:00,1,2.55,205,137,13.38
1,2026-01-07 00:06:00,2026-01-07 00:30:00,4,2.92,26,197,17.18
2,2026-01-14 23:59:00,2026-01-15 00:17:00,2,1.16,161,82,10.74
2,2026-01-20 22:31:00,2026-01-20 23:08:00,1,3.11,158,12,20.97
2,2026-01-10 04:37:00,2026-01-10 04:59:00,1,2.74,161,188,16.18
2,2026-01-02 22:25:00,2026-01-02 23:07:00,2,1.46,27,100,17.58
1,2026-01-20 05:48:00,2026-01-20 06:33:00,1,2.85,144,61,22.24
1,2026-01-17 19:23:00,2026-01-17 20:14:00,2,3.68,161,171,26.06
1,2026-01-22 23:08:00,2026-01-22 23:53:00,2,0.73,168,164,16.29
1,2026-01-27 07:47:00,2026-01-27 08:30:00,2,3.76,251,158,24.27
2,2026-01-21 05:16:00,2026-01-21 06:08:00,1,0.3,117,27,16.84
2,2026-01-23 08:40:00,2026-01-23 09:12:00,4,1.45,161,105,15.05
1,2026-01-03 15:45:00,2026-01-03 16:30:00,1,3.21,237,248,23.23
2,2026-01-12 21:35:00,2026-01-12 21:55:00,1,2.35,153,153,14.58
2,2026-01-21 11:22:00,2026-01-21 11:46:00,2,0.3,141,63,9.84
1,2026-01-15 17:49:00,2026-01-15 18:29:00,1,4.89,230,139,26.69
1,2026-01-27 06:47:00,2026-01-27 07:08:00,3,1.34,123,26,12.01
1,2026-01-10 22:03:00,2026-01-10 22:57:00,3,1.35,230,148,20.29
2,2026-01-25 11:14:00,2026-01-25 11:56:00,1,3.66,20,55,23.75
2,2026-01-20 09:41:00,2026-01-20 10:32:00,2,4.28,237,96,27.74
1,2026-01-09 05:11:00,2026-01-09 05:44:00,2,2.2,208,168,17.4
2,2026-01-05 01:11:00,2026-01-05 01:47:00,1,2.23,72,166,18.24
1,2026-01-20 01:48:00,2026-01-20 02:15:00,1,2.04,137,155,15.48
2,2026-01-28 21:23:00,2026-01-28 21:32:00,3,1.41,121,61,9.19
1,2026-01-06 00:40:00,2026-01-06 01:09:00,1,2.25,152,114,16.56
1,2026-01-21 09:09:00,2026-01-21 09:22:00,2,4.43,40,32,18.66
1,2026-01-23 21:09:00,2026-01-23 21:35:00,3,0.3,85,227,10.34
1,2026-01-09 18:45:00,2026-01-09 18:54:00,2,2.72,234,237,12.86
1,2026-01-11 20:52:00,2026-01-11 21:16:00,4,2.29,79,210,15.41
1,2026-01-06 18:49:00,2026-01-06 19:29:00,4,1.3,162,202,16.63
2,2026-01-01 03:48:00,2026-01-01 04:13:00,2,1.75,12,238,14.15
2,2026-01-17 04:52:00,2026-01-17 05:13:00,2,3.57,68,106,18.24
1,2026-01-03 01:15:00,2026-01-03 01:59:00,1,2.76,164,165,21.73
1,2026-01-07 02:42:00,2026-01-07 03:14:00,3,1.86,114,154,16.21
2,2026-01-19 05:35:00,2026-01-19 05:44:00,4,3.61,254,177,15.36
1,2026-01-23 09:20:00,2026-01-23 09:29:00,2,4.7,95,212,18.41
1,2026-01-11 08:16:00,2026-01-11 08:26:00,2,2.89,79,97,13.6
1,2026-01-09 21:55:00,2026-01-09 22:20:00,3,2.29,171,8,15.65
2,2026-01-21 10:58:00,2026-01-21 11:48:00,1,2.86,125,105,23.5
2,2026-01-24 13:20:00,2026-01-24 14:14:00,1,3.09,185,164,25.16
2,2026-01-25 00:55:00,2026-01-25 01:37:00,2,1.51,134,126,17.72
2,2026-01-28 22:43:00,2026-01-28 23:05:00,2,3.78,173,251,19.09
2,2026-01-08 04:46:00,2026-01-08 05:02:00,1,1.74,181,72,11.87
2,2026-01-24 03:41:00,2026-01-24 04:00:00,3,1.69,68,259,12.49
1,2026-01-21 19:01:00,2026-01-21 19:40:00,1,3.32,138,77,22.03
2,2026-01-27 10:33:00,2026-01-27 11:01:00,2,2.24,130,137,16.26
1,2026-01-25 02:15:00,2026-01-25 03:05:00,2,1.63,68,88,20.07
1,2026-01-19 12:41:00,2026-01-19 13:23:00,1,4.22,170,49,25.33
1,2026-01-25 04:30:00,2026-01-25 04:40:00,2,0.45,144,154,6.75
2,2026-01-11 06:36:00,2026-01-11 06:46:00,4,0.79,236,175,7.72
1,2026-01-14 22:01:00,2026-01-14 22:35:00,1,1.08,140,252,14.54
1,2026-01-24 14:24:00,2026-01-24 15:15:00,1,2.03,44,79,21.44
1,2026-01-01 05:19:00,2026-01-01 05:48:00,1,1.05,228,139,13.2
1,2026-01-04 17:11:00,2026-01-04 17:17:00,2,1.41,209,150,8.46
2,2026-01-23 05:10:00,2026-01-23 05:26:00,1,3.18,195,72,15.89
2,2026-01-12 10:31:00,2026-01-12 10:41:00,4,0.95,75,86,8.16
2,2026-01-04 06:23:00,2026-01-04 07:08:00,2,2.6,127,195,21.53
2,2026-01-15 06:27:00,2026-01-15 06:52:00,1,0.63,70,165,11.0
1,2026-01-08 13:25:00,2026-01-08 13:49:00,1,0.98,164,252,11.75
2,2026-01-17 01:17:00,2026-01-17 01:49:00,3,2.75,132,256,18.71
2,2026-01-07 13:45:00,2026-01-07 14:15:00,2,2.88,217,38,18.57
2,2026-01-21 10:37:00,2026-01-21 11:17:00,2,4.25,206,260,24.89
1,2026-01-02 13:50:00,2026-01-02 14:40:00,4,0.98,185,44,18.24
1,2026-01-11 14:42:00,2026-01-11 15:20:00,1,0.97,236,114,15.23
1,2026-01-02 01:30:00,2026-01-02 01:54:00,1,2.5,54,213,16.0
2,2026-01-07 01:22:00,2026-01-07 01:49:00,2,2.41,160,234,16.5
2,2026-01-05 03:28:00,2026-01-05 03:54:00,1,0.68,232,35,11.4
1,2026-01-05 21:01:00,2026-01-05 21:48:00,2,1.78,176,56,19.74
2,2026-01-08 10:35:00,2026-01-08 11:02:00,1,1.45,82,219,13.82
1,2026-01-18 06:40:00,2026-01-18 06:59:00,2,2.13,230,143,13.72
2,2026-01-05 08:51:00,2026-01-05 09:34:00,1,1.02,101,59,16.6
1,2026-01-20 12:39:00,2026-01-20 13:28:00,1,3.5,89,153,25.04
2,2026-01-06 00:15:00,2026-01-06 00:28:00,3,1.32,157,94,9.94
2,2026-01-07 00:32:00,2026-01-07 01:04:00,3,0.98,199,71,13.74
2,2026-01-23 22:44:00,2026-01-23 23:25:00,1,1.53,89,86,17.53
2,2026-01-06 23:11:00,2026-01-06 23:45:00,1,4.06,162,28,22.87
2,2026-01-09 07:52:00,2026-01-09 07:59:00,1,0.99,43,113,7.52
1,2026-01-12 17:14:00,2026-01-12 17:54:00,1,3.76,58,112,23.52
1,2026-01-02 09:28:00,2026-01-02 09:47:00,2,3.16,161,106,16.61
2,2026-01-15 23:34:00,2026-01-16 00:18:00,2,1.26,144,87,17.54
2,2026-01-12 09:54:00,2026-01-12 10:48:00,1,4.88,236,202,30.15
1,2026-01-25 15:40:00,2026-01-25 16:06:00,3,3.68,207,2,19.81
1,2026-01-20 13:40:00,2026-01-20 13:50:00,2,0.39,184,204,6.6
2,2026-01-10 00:31:00,2026-01-10 00:38:00,1,2.74,249,64,12.41
1,2026-01-19 06:12:00,2026-01-19 06:59:00,4,1.8,68,155,19.78
1,2026-01-12 16:05:00,2026-01-12 16:27:00,1,0.3,185,43,9.34
1,2026-01-17 21:40:00,2026-01-17 22:00:00,1,3.97,68,228,19.12
1,2026-01-15 15:52:00,2026-01-15 16:25:00,3,1.24,62,68,14.73
1,2026-01-05 08:06:00,2026-01-05 08:34:00,2,3.32,69,110,19.3
1,2026-01-27 06:43:00,2026-01-27 07:02:00,2,2.62,227,45,15.1
1,2026-01-17 09:22:00,2026-01-17 10:01:00,3,2.8,230,261,20.59
2,2026-01-17 17:18:00,2026-01-17 17:32:00,2,4.2,123,199,18.25
2,2026-01-08 08:48:00,2026-01-08 09:12:00,2,2.01,21,257,14.62
1,2026-01-18 03:05:00,2026-01-18 03:51:00,1,1.62,201,34,19.05
2,2026-01-11 10:05:00,2026-01-11 10:42:00,1,3.3,162,178,21.48
1,2026-01-16 20:08:00,2026-01-16 20:46:00,1,5.43,140,185,27.72
1,2026-01-07 17:16:00,2026-01-07 17:46:00,4,4.01,117,77,21.73
2,2026-01-02 12:35:00,2026-01-02 12:55:00,1,2.13,215,165,13.96
2,2026-01-04 07:36:00,2026-01-04 08:31:00,1,5.87,191,160,33.19
1,2026-01-24 14:29:00,2026-01-24 14:35:00,1,3.58,161,210,14.53
1,2026-01-01 01:48:00,2026-01-01 02:41:00,1,2.32,193,158,22.76
2,2026-01-23 14:15:00,2026-01-23 14:52:00,1,2.76,215,31,19.96
2,2026-01-02 20:58:00,2026-01-02 21:40:00,3,3.09,39,32,22.14
2,2026-01-06 13:15:00,2026-01-06 13:37:00,1,3.17,150,162,17.38
2,2026-01-20 07:17:00,2026-01-20 07:49:00,4,2.66,39,62,18.46
1,2026-01-09 20:28:00,2026-01-09 20:39:00,3,4.38,161,128,18.02
1,2026-01-13 18:16:00,2026-01-13 18:25:00,1,2.96,68,114,13.54
2,2026-01-18 02:23:00,2026-01-18 02:31:00,4,4.69,138,237,18.13
2,2026-01-17 20:31:00,2026-01-17 20:39:00,2,4.05,161,126,16.35
2,2026-01-18 13:56:00,2026-01-18 14:47:00,2,0.3,144,184,16.59
1,2026-01-22 10:20:00,2026-01-22 10:43:00,1,2.37,199,93,15.38
2,2026-01-26 11:14:00,2026-01-26 12:09:00,4,5.56,16,144,32.31
2,2026-01-25 22:14:00,2026-01-25 22:35:00,2,3.43,162,163,17.87
2,2026-01-02 04:45:00,2026-01-02 05:27:00,2,1.39,181,73,17.38
1,2026-01-14 04:11:00,2026-01-14 04:19:00,1,1.8,252,47,10.04
1,2026-01-26 16:14:00,2026-01-26 16:53:00,4,4.78,11,245,26.14
1,2026-01-06 13:21:00,2026-01-06 13:47:00,1,2.11,91,31,15.41
1,2026-01-26 00:45:00,2026-01-26 01:40:00,1,3.46,73,57,26.43
1,2026-01-17 21:37:00,2026-01-17 22:27:00,3,0.3,163,183,16.34
1,2026-01-26 03:52:00,2026-01-26 04:22:00,3,2.0,90,158,16.1
1,2026-01-01 01:44:00,2026-01-01 02:39:00,2,1.1,201,17,19.84
1,2026-01-14 13:58:00,2026-01-14 14:44:00,1,2.71,114,54,22.09
1,2026-01-15 19:20:00,2026-01-15 19:32:00,2,2.94,237,1,14.24
2,2026-01-19 16:46:00,2026-01-19 17:02:00,1,0.93,215,212,9.6
1,2026-01-21 10:50:00,2026-01-21 11:06:00,4,2.15,116,232,13.02
1,2026-01-02 10:18:00,2026-01-02 10:44:00,2,2.55,11,134,16.64
1,2026-01-07 20:46:00,2026-01-07 21:13:00,2,3.06,138,106,18.32
2,2026-01-24 15:46:00,2026-01-24 15:52:00,1,4.01,153,219,15.72
1,2026-01-05 03:01:00,2026-01-05 03:17:00,2,3.27,106,150,16.16
2,2026-01-05 22:19:00,2026-01-05 22:55:00,1,2.84,204,251,19.96
1,2026-01-16 19:56:00,2026-01-16 20:05:00,1,2.62,138,78,12.59
2,2026-01-15 16:51:00,2026-01-15 17:45:00,2,0.3,212,117,17.34
1,2026-01-21 06:36:00,2026-01-21 07:12:00,2,1.34,121,154,15.75
1,2026-01-02 11:32:00,2026-01-02 11:45:00,4,3.71,76,230,16.64
2,2026-01-09 05:08:00,2026-01-09 05:41:00,1,5.16,22,41,25.7
1,2026-01-27 18:09:00,2026-01-27 18:48:00,1,3.72,7,215,23.16
2,2026-01-25 00:49:00,2026-01-25 01:20:00,1,2.54,237,74,17.87
2,2026-01-17 21:56:00,2026-01-17 22:33:00,3,2.95,237,51,20.51
1,2026-01-19 21:49:00,2026-01-19 22:12:00,1,1.95,165,214,14.21
1,2026-01-19 20:13:00,2026-01-19 20:55:00,4,4.33,260,15,25.62
1,2026-01-03 11:15:00,2026-01-03 12:04:00,1,4.27,138,16,27.21
1,2026-01-21 20:38:00,2026-01-21 20:47:00,4,4.47,180,84,17.76
2,2026-01-10 10:41:00,2026-01-10 11:01:00,3,0.44,68,130,9.23
2,2026-01-28 10:17:00,2026-01-28 10:47:00,3,1.29,217,179,14.1
1,2026-01-23 05:52:00,2026-01-23 06:35:00,2,2.31,204,53,20.23
2,2026-01-16 23:35:00,2026-01-17 00:00:00,3,1.02,145,56,12.11
2,2026-01-14 20:55:00,2026-01-14 21:42:00,1,3.32,68,255,24.06
2,2026-01-18 20:25:00,2026-01-18 20:42:00,3,3.71,154,151,17.65
2,2026-01-24 20:48:00,2026-01-24 21:31:00,4,3.56,237,151,23.72
1,2026-01-06 00:30:00,2026-01-06 01:16:00,4,1.32,28,37,18.2
1,2026-01-17 06:33:00,2026-01-17 07:24:00,2,2.24,212,93,22.01
1,2026-01-15 04:40:00,2026-01-15 05:06:00,2,3.06,91,30,18.06
1,2026-01-07 18:31:00,2026-01-07 18:37:00,1,3.23,223,165,13.54
2,2026-01-01 04:40:00,2026-01-01 05:00:00,1,1.89,128,177,13.29
1,2026-01-03 18:52:00,2026-01-03 19:08:00,1,3.72,230,207,17.41
1,2026-01-10 13:46:00,2026-01-10 14:31:00,3,1.79,193,25,19.25
2,2026-01-01 20:03:00,2026-01-01 20:35:00,2,2.99,60,52,19.37
2,2026-01-26 20:44:00,2026-01-26 21:39:00,3,4.78,230,135,30.14
1,2026-01-18 11:18:00,2026-01-18 12:00:00,1,0.3,138,253,14.34
1,2026-01-22 19:04:00,2026-01-22 19:33:00,1,2.67,52,161,17.72
2,2026-01-06 21:42:00,2026-01-06 22:09:00,2,2.37,88,184,16.38
2,2026-01-12 10:56:00,2026-01-12 11:25:00,1,2.6,48,176,17.52
1,2026-01-17 10:44:00,2026-01-17 11:33:00,2,3.21,248,225,24.23
1,2026-01-17 04:49:00,2026-01-17 05:36:00,3,4.51,237,161,27.38
2,2026-01-15 10:33:00,2026-01-15 11:06:00,1,2.29,49,128,17.65
1,2026-01-28 08:24:00,2026-01-28 08:45:00,2,3.58,28,170,18.27
2,2026-01-28 10:24:00,2026-01-28 10:45:00,2,2.03,207,41,13.93
2,2026-01-25 10:28:00,2026-01-25 11:09:00,2,3.08,79,1,21.86
1,2026-01-24 23:13:00,2026-01-25 00:07:00,1,0.3,138,114,17.34
1,2026-01-16 03:53:00,2026-01-16 04:34:00,2,1.99,150,192,18.83
1,2026-01-06 23:52:00,2026-01-07 00:04:00,1,1.75,210,131,10.9
2,2026-01-06 03:59:00,2026-01-06 04:18:00,1,2.45,202,235,14.62
1,2026-01-18 16:02:00,2026-01-18 16:57:00,3,1.4,25,91,20.68
1,2026-01-06 11:06:00,2026-01-06 11:54:00,1,0.92,199,165,17.57
2,2026-01-17 23:21:00,2026-01-18 00:06:00,3,2.07,230,149,20.04
2,2026-01-06 15:45:00,2026-01-06 16:23:00,2,1.6,92,166,16.98
2,2026-01-25 08:42:00,2026-01-25 09:05:00,3,1.23,230,83,12.2
2,2026-01-11 16:09:00,2026-01-11 16:59:00,2,1.97,115,148,21.01
1,2026-01-18 18:50:00,2026-01-18 19:24:00,1,2.85,161,91,19.48
1,2026-01-08 09:47:00,2026-01-08 10:22:00,4,5.87,194,80,28.19
1,2026-01-27 16:39:00,2026-01-27 17:16:00,4,2.78,155,184,20.05
2,2026-01-14 13:33:00,2026-01-14 13:50:00,1,2.26,113,35,13.58
2,2026-01-15 21:14:00,2026-01-15 22:02:00,1,1.41,110,170,18.95
1,2026-01-13 12:13:00,2026-01-13 12:54:00,3,2.93,244,5,21.46
2,2026-01-27 04:58:00,2026-01-27 05:06:00,4,2.83,125,165,12.92
1,2026-01-05 20:24:00,2026-01-05 21:02:00,3,3.89,145,43,23.39
1,2026-01-03 19:13:00,2026-01-03 19:24:00,1,2.97,79,38,14.06
1,2026-01-11 17:35:00,2026-01-11 18:24:00,4,1.52,209,61,19.51
2,2026-01-25 23:02:00,2026-01-25 23:50:00,1,1.73,55,16,19.84
2,2026-01-23 18:14:00,2026-01-23 18:56:00,1,0.37,68,202,14.54
1,2026-01-15 16:13:00,2026-01-15 17:00:00,1,1.43,212,263,18.75
1,2026-01-08 20:14:00,2026-01-08 20:32:00,1,4.28,138,250,19.47
2,2026-01-13 03:39:00,2026-01-13 03:57:00,2,1.76,36,163,12.43
2,2026-01-15 00:39:00,2026-01-15 01:29:00,2,1.05,157,79,18.45
2,2026-01-08 04:00:00,2026-01-08 04:21:00,1,1.64,161,114,12.85
1,2026-01-16 08:08:00,2026-01-16 08:22:00,3,2.99,237,101,14.88
1,2026-01-04 05:57:00,2026-01-04 06:17:00,2,4.59,208,149,20.86
2,2026-01-22 09:32:00,2026-01-22 10:14:00,1,3.08,162,75,22.12
1,2026-01-10 08:48:00,2026-01-10 09:23:00,3,1.83,22,24,16.86
1,2026-01-14 19:06:00,2026-01-14 19:34:00,2,3.86,90,250,20.82
2,2026-01-06 22:28:00,2026-01-06 22:48:00,1,0.3,85,40,8.84
1,2026-01-07 09:11:00,2026-01-07 09:27:00,1,3.55,108,211,16.95
2,2026-01-27 20:32:00,2026-01-27 21:06:00,1,3.25,230,242,20.6
2,2026-01-10 08:53:00,2026-01-10 09:23:00,4,3.83,262,68,21.21
2,2026-01-07 09:38:00,2026-01-07 10:17:00,4,3.71,258,216,23.13
2,2026-01-02 20:44:00,2026-01-02 20:55:00,1,1.97,236,146,11.28
1,2026-01-01 05:45:00,2026-01-01 06:27:00,2,1.23,4,61,16.94
2,2026-01-28 22:13:00,2026-01-28 22:45:00,1,3.09,162,186,19.66
1,2026-01-23 20:27:00,2026-01-23 20:55:00,4,3.98,158,204,21.16
2,2026-01-06 01:47:00,2026-01-06 02:21:00,4,3.26,118,83,20.62
1,2026-01-24 11:39:00,2026-01-24 11:59:00,2,2.94,237,190,16.24
1,2026-01-02 14:46:00,2026-01-02 15:17:00,3,1.71,197,147,15.55
1,2026-01-22 02:28:00,2026-01-22 02:46:00,1,0.53,6,147,8.98
1,2026-01-26 13:32:00,2026-01-26 14:17:00,1,1.58,119,87,18.67
1,2026-01-04 16:17:00,2026-01-04 16:40:00,2,1.09,203,116,11.81
2,2026-01-18 05:36:00,2026-01-18 06:14:00,3,3.67,138,132,22.76
2,2026-01-19 21:24:00,2026-01-19 22:19:00,4,0.56,248,125,18.31
2,2026-01-20 13:43:00,2026-01-20 14:26:00,3,1.18,236,15,17.05
2,2026-01-10 09:43:00,2026-01-10 09:53:00,1,3.3,162,92,14.75
1,2026-01-16 02:13:00,2026-01-16 02:30:00,4,1.3,138,98,10.89
2,2026-01-12 07:13:00,2026-01-12 07:21:00,2,3.21,253,247,13.97
2,2026-01-14 10:31:00,2026-01-14 11:08:00,2,4.76,141,94,25.57
2,2026-01-10 11:48:00,2026-01-10 12:38:00,3,1.84,138,236,20.65
1,2026-01-01 08:00:00,2026-01-01 08:45:00,2,2.26,96,176,20.58
1,2026-01-16 21:23:00,2026-01-16 21:46:00,2,3.15,206,231,17.58
2,2026-01-06 14:36:00,2026-01-06 14:48:00,1,2.61,118,139,13.31
1,2026-01-07 05:51:00,2026-01-07 06:27:00,2,0.66,77,5,13.85
2,2026-01-22 07:08:00,2026-01-22 07:44:00,1,2.17,237,50,18.08
2,2026-01-24 21:35:00,2026-01-24 22:24:00,4,2.44,177,262,22.07
1,2026-01-20 01:56:00,2026-01-20 02:26:00,3,0.3,41,147,11.34
2,2026-01-15 09:26:00,2026-01-15 09:49:00,3,3.88,83,228,19.61
1,2026-01-26 01:33:00,2026-01-26 02:05:00,3,2.2,231,86,17.17
1,2026-01-11 17:47:00,2026-01-11 18:26:00,1,3.44,204,43,22.37
2,2026-01-27 08:09:00,2026-01-27 08:17:00,2,3.88,68,183,15.86
2,2026-01-24 01:59:00,2026-01-24 02:33:00,2,1.28,132,158,15.09
1,2026-01-12 02:09:00,2026-01-12 02:15:00,1,0.3,156,1,5.34
2,2026-01-13 05:30:00,2026-01-13 06:20:00,1,1.8,5,252,20.55
1,2026-01-01 09:49:00,2026-01-01 10:40:00,2,3.6,162,200,25.83
2,2026-01-27 16:15:00,2026-01-27 16:39:00,1,1.35,140,138,12.79
2,2026-01-03 22:11:00,2026-01-03 22:20:00,1,2.32,161,12,11.74
1,2026-01-19 16:46:00,2026-01-19 17:06:00,1,2.61,5,47,15.32
2,2026-01-22 01:13:00,2026-01-22 01:45:00,2,2.41,176,160,17.76
1,2026-01-02 08:21:00,2026-01-02 08:27:00,2,1.83,137,63,9.61
1,2026-01-19 21:15:00,2026-01-19 21:33:00,2,2.05,18,236,13.24
1,2026-01-17 14:43:00,2026-01-17 15:31:00,1,1.57,79,112,19.39
2,2026-01-28 00:27:00,2026-01-28 00:33:00,4,2.54,167,86,11.61
1,2026-01-11 08:00:00,2026-01-11 08:09:00,3,1.67,79,183,9.93
2,2026-01-23 21:50:00,2026-01-23 22:04:00,4,2.47,55,250,13.41
1,2026-01-19 17:46:00,2026-01-19 18:36:00,2,6.57,225,251,33.91
1,2026-01-08 23:34:00,2026-01-09 00:00:00,1,1.74,179,240,14.38
2,2026-01-23 15:09:00,2026-01-23 15:33:00,2,4.34,231,135,21.14
2,2026-01-01 00:49:00,2026-01-01 01:19:00,4,3.34,260,95,19.84
2,2026-01-27 11:15:00,2026-01-27 12:07:00,1,0.98,165,33,18.74
1,2026-01-23 08:43:00,2026-01-23 09:00:00,1,3.61,161,17,17.36
2,2026-01-25 08:41:00,2026-01-25 09:16:00,2,4.52,132,32,24.41
1,2026-01-18 17:52:00,2026-01-18 18:32:00,2,3.74,236,198,23.48
2,2026-01-27 16:11:00,2026-01-27 17:04:00,3,3.46,213,55,25.94
2,2026-01-20 13:44:00,2026-01-20 13:56:00,3,2.5,219,86,13.0
2,2026-01-07 17:34:00,2026-01-07 18:29:00,2,1.74,167,131,21.61
1,2026-01-20 02:25:00,2026-01-20 03:17:00,1,3.71,1,18,26.38
1,2026-01-01 06:19:00,2026-01-01 06:38:00,4,1.93,114,162,13.15
1,2026-01-12 18:58:00,2026-01-12 19:20:00,3,4.22,236,154,20.3
2,2026-01-04 07:46:00,2026-01-04 08:14:00,4,3.86,248,223,20.81
1,2026-01-06 03:55:00,2026-01-06 04:48:00,1,0.97,117,6,18.96
2,2026-01-23 08:02:00,2026-01-23 08:22:00,4,1.93,132,222,13.42
2,2026-01-17 19:09:00,2026-01-17 20:03:00,3,2.41,161,70,23.24
2,2026-01-25 09:12:00,2026-01-25 09:40:00,1,3.3,37,98,19.23
1,2026-01-26 08:41:00,2026-01-26 08:56:00,4,3.51,87,44,16.57
2,2026-01-13 06:00:00,2026-01-13 06:50:00,2,2.36,176,57,22.11
2,2026-01-21 02:01:00,2026-01-21 02:20:00,2,2.52,170,109,14.8
2,2026-01-21 14:39:00,2026-01-21 15:29:00,2,3.5,73,10,25.3
2,2026-01-23 11:02:00,2026-01-23 11:18:00,1,1.65,131,31,11.62
2,2026-01-20 20:41:00,2026-01-20 21:19:00,2,5.27,139,51,27.25
1,2026-01-26 11:34:00,2026-01-26 11:51:00,1,0.77,46,102,9.41
1,2026-01-11 13:59:00,2026-01-11 14:37:00,3,2.09,236,142,18.36
2,2026-01-11 23:56:00,2026-01-12 00:45:00,1,0.74,71,117,17.33
1,2026-01-26 19:21:00,2026-01-26 19:31:00,1,3.98,68,61,16.64
2,2026-01-07 05:46:00,2026-01-07 06:40:00,1,3.01,16,164,24.91
1,2026-01-19 21:47:00,2026-01-19 22:02:00,1,1.25,141,97,10.25
1,2026-01-08 21:01:00,2026-01-08 21:45:00,1,1.39,137,119,17.88
1,2026-01-04 09:44:00,2026-01-04 10:02:00,2,2.71,162,116,15.07
1,2026-01-01 15:59:00,2026-01-01 16:31:00,1,1.93,139,114,16.4
2,2026-01-08 13:59:00,2026-01-08 14:44:00,4,0.3,225,251,15.09
2,2026-01-20 12:56:00,2026-01-20 13:29:00,3,2.37,127,208,17.88
2,2026-01-14 08:25:00,2026-01-14 08:49:00,1,1.58,230,226,13.42
1,2026-01-13 04:29:00,2026-01-13 05:02:00,2,1.8,86,151,16.28
1,2026-01-28 13:28:00,2026-01-28 14:20:00,1,1.84,47,257,21.15
1,2026-01-25 23:57:00,2026-01-26 00:23:00,3,1.98,237,84,15.04
1,2026-01-20 04:40:00,2026-01-20 04:51:00,2,1.5,186,197,9.94
1,2026-01-24 11:24:00,2026-01-24 12:16:00,1,1.92,23,229,21.37
2,2026-01-01 03:39:00,2026-01-01 03:45:00,4,2.84,130,235,12.44
2,2026-01-22 06:34:00,2026-01-22 07:18:00,2,2.22,3,253,20.22
2,2026-01-18 11:28:00,2026-01-18 11:43:00,1,3.7,79,17,17.1
2,2026-01-04 17:03:00,2026-01-04 17:29:00,4,4.98,56,189,23.44
2,2026-01-24 11:04:00,2026-01-24 11:56:00,3,0.77,56,45,18.14
1,2026-01-26 19:59:00,2026-01-26 20:17:00,3,4.19,148,1,19.23
2,2026-01-09 20:51:00,2026-01-09 21:16:00,4,4.11,132,154,20.75
1,2026-01-01 06:07:00,2026-01-01 06:34:00,4,1.83,171,203,14.89
2,2026-01-08 11:12:00,2026-01-08 11:39:00,4,0.46,170,246,11.04
2,2026-01-02 12:41:00,2026-01-02 13:17:00,2,0.33,70,80,12.94
1,2026-01-18 15:59:00,2026-01-18 16:26:00,2,0.3,68,193,10.59
1,2026-01-26 20:24:00,2026-01-26 20:58:00,1,3.41,158,155,21.06
1,2026-01-02 14:49:00,2026-01-02 15:00:00,4,3.1,104,228,14.42
2,2026-01-21 14:57:00,2026-01-21 15:12:00,4,1.36,257,98,10.56
1,2026-01-14 23:09:00,2026-01-14 23:48:00,3,3.26,51,68,21.89
1,2026-01-02 13:29:00,2026-01-02 14:20:00,1,4.88,199,60,29.43
1,2026-01-20 22:56:00,2026-01-20 23:08:00,2,2.17,24,160,12.08
1,2026-01-14 07:40:00,2026-01-14 07:56:00,1,5.48,161,141,22.33
2,2026-01-24 03:22:00,2026-01-24 03:36:00,3,4.09,79,15,17.96
2,2026-01-03 03:06:00,2026-01-03 03:57:00,2,4.09,230,41,27.19
2,2026-01-06 14:05:00,2026-01-06 14:17:00,3,1.77,240,234,10.95
2,2026-01-28 11:45:00,2026-01-28 12:21:00,1,2.73,239,119,19.65
2,2026-01-17 17:11:00,2026-01-17 17:27:00,2,2.98,34,145,15.35
2,2026-01-25 12:08:00,2026-01-25 12:53:00,1,0.3,236,125,15.09
1,2026-01-15 12:13:00,2026-01-15 12:46:00,1,1.14,221,176,14.44
1,2026-01-04 07:47:00,2026-01-04 08:36:00,1,2.39,138,195,21.95
2,2026-01-10 06:52:00,2026-01-10 07:17:00,3,3.63,1,156,19.4
2,2026-01-15 16:05:00,2026-01-15 16:50:00,1,1.58,5,262,18.68
2,2026-01-16 18:57:00,2026-01-16 19:28:00,2,3.55,57,196,20.7
2,2026-01-10 00:42:00,2026-01-10 00:48:00,3,1.7,161,37,9.26
2,2026-01-19 15:08:00,2026-01-19 15:22:00,4,1.56,44,213,10.88
2,2026-01-26 18:59:00,2026-01-26 19:36:00,1,2.98,4,122,20.58
1,2026-01-02 14:36:00,2026-01-02 15:27:00,2,1.18,248,189,19.04
1,2026-01-21 13:44:00,2026-01-21 13:59:00,1,1.63,41,144,11.31
1,2026-01-21 03:40:00,2026-01-21 04:29:00,1,2.21,40,160,21.43
1,2026-01-23 19:49:00,2026-01-23 20:39:00,3,2.98,79,156,23.84
2,2026-01-21 04:37:00,2026-01-21 05:19:00,4,0.57,87,27,15.1
2,2026-01-27 15:01:00,2026-01-27 15:38:00,1,2.44,147,43,19.07
1,2026-01-06 15:39:00,2026-01-06 16:02:00,3,2.44,144,132,15.59
2,2026-01-05 18:38:00,2026-01-05 18:53:00,4,4.25,132,79,18.65
1,2026-01-17 08:15:00,2026-01-17 08:40:00,2,1.49,60,244,13.42
2,2026-01-17 15:30:00,2026-01-17 16:16:00,1,3.33,22,182,23.82
2,2026-01-12 12:17:00,2026-01-12 12:39:00,4,1.75,51,201,13.41
2,2026-01-11 07:46:00,2026-01-11 07:58:00,1,2.05,7,229,11.74
1,2026-01-02 10:01:00,2026-01-02 10:10:00,3,3.65,48,112,15.47
2,2026-01-06 02:05:00,2026-01-06 02:35:00,1,3.57,67,95,20.5
2,2026-01-20 22:42:00,2026-01-20 23:28:00,4,0.97,39,233,17.23
1,2026-01-19 05:44:00,2026-01-19 06:06:00,2,2.29,166,83,14.9
1,2026-01-17 13:21:00,2026-01-17 14:01:00,2,1.15,161,221,16.22
2,2026-01-28 10:06:00,2026-01-28 10:57:00,4,2.47,227,133,22.67
1,2026-01-20 00:01:00,2026-01-20 00:16:00,3,2.38,255,1,13.42
2,2026-01-17 15:17:00,2026-01-17 15:47:00,1,3.18,68,247,19.39
2,2026-01-13 22:25:00,2026-01-13 23:11:00,2,3.13,29,47,23.25
1,2026-01-15 12:05:00,2026-01-15 12:59:00,2,1.65,236,149,21.13
2,2026-01-09 03:19:00,2026-01-09 03:31:00,1,1.5,200,184,10.2
1,2026-01-27 23:28:00,2026-01-27 23:42:00,2,2.77,98,19,14.26
1,2026-01-17 14:04:00,2026-01-17 14:23:00,3,3.89,138,235,18.65
1,2026-01-25 17:14:00,2026-01-25 18:00:00,2,5.04,162,26,28.61
2,2026-01-27 01:10:00,2026-01-27 01:22:00,2,0.85,33,59,8.37
2,2026-01-27 06:14:00,2026-01-27 06:32:00,1,0.91,33,219,10.05
1,2026-01-06 03:43:00,2026-01-06 04:09:00,2,4.05,71,110,20.83
2,2026-01-08 09:21:00,2026-01-08 09:29:00,4,5.08,125,69,19.23
2,2026-01-07 17:01:00,2026-01-07 17:47:00,2,4.57,161,139,27.29
1,2026-01-11 04:11:00,2026-01-11 04:50:00,2,0.35,138,49,13.72
2,2026-01-27 17:42:00,2026-01-27 17:51:00,1,1.57,79,187,9.66
1,2026-01-19 13:16:00,2026-01-19 14:01:00,1,4.0,172,233,25.45
2,2026-01-02 05:31:00,2026-01-02 05:41:00,2,2.63,60,121,12.86
2,2026-01-25 17:20:00,2026-01-25 17:40:00,1,1.84,118,38,13.16
1,2026-01-10 05:59:00,2026-01-10 06:13:00,1,2.35,92,17,13.08
2,2026-01-06 19:07:00,2026-01-06 19:46:00,4,3.74,176,251,23.23
1,2026-01-20 17:17:00,2026-01-20 17:53:00,2,2.56,79,259,19.17
1,2026-01-23 15:25:00,2026-01-23 16:15:00,3,1.25,246,51,19.0
2,2026-01-18 08:13:00,2026-01-18 09:06:00,2,3.46,236,13,25.94
1,2026-01-06 21:55:00,2026-01-06 22:12:00,4,0.79,208,190,9.47
1,2026-01-27 18:04:00,2026-01-27 18:53:00,1,1.86,42,187,20.46
2,2026-01-17 08:23:00,2026-01-17 09:16:00,1,3.24,71,108,25.32
2,2026-01-12 09:32:00,2026-01-12 10:23:00,2,1.17,232,150,19.03
1,2026-01-16 16:51:00,2026-01-16 17:09:00,1,3.12,34,235,16.23
2,2026-01-04 06:06:00,2026-01-04 06:20:00,2,2.72,151,243,14.12
1,2026-01-19 22:47:00,2026-01-19 23:11:00,4,4.34,11,97,21.16
2,2026-01-23 04:41:00,2026-01-23 05:13:00,2,3.04,172,176,19.5
1,2026-01-26 07:42:00,2026-01-26 08:37:00,2,3.79,228,25,27.35
1,2026-01-07 20:45:00,2026-01-07 21:07:00,1,3.99,122,190,19.67
1,2026-01-24 23:45:00,2026-01-25 00:22:00,1,4.7,76,75,25.42
2,2026-01-24 07:32:00,2026-01-24 08:21:00,1,2.31,161,60,21.73
2,2026-01-18 03:39:00,2026-01-18 03:50:00,1,0.77,68,229,7.89
2,2026-01-21 22:20:00,2026-01-21 22:29:00,1,0.3,262,185,6.09
2,2026-01-19 05:23:00,2026-01-19 05:52:00,4,1.86,198,7,15.45
2,2026-01-24 22:05:00,2026-01-24 22:30:00,1,3.19,230,244,18.18
2,2026-01-26 04:48:00,2026-01-26 04:59:00,1,0.3,193,4,6.59
1,2026-01-24 17:29:00,2026-01-24 18:22:00,1,4.63,156,238,29.22
2,2026-01-01 02:09:00,2026-01-01 02:34:00,2,3.36,135,242,18.67
2,2026-01-08 15:31:00,2026-01-08 15:38:00,2,3.35,126,62,14.13
1,2026-01-03 20:38:00,2026-01-03 20:47:00,1,2.16,84,75,11.29
2,2026-01-07 23:03:00,2026-01-07 23:32:00,1,4.33,140,215,22.38
2,2026-01-13 08:18:00,2026-01-13 08:58:00,1,3.29,138,181,22.2
1,2026-01-21 16:26:00,2026-01-21 16:42:00,1,1.93,175,53,12.4
1,2026-01-22 11:14:00,2026-01-22 11:55:00,4,0.3,97,59,14.09
2,2026-01-06 14:59:00,2026-01-06 15:35:00,3,3.43,9,179,21.59
1,2026-01-16 11:08:00,2026-01-16 11:52:00,1,2.58,227,176,21.23
2,2026-01-06 11:54:00,2026-01-06 12:44:00,1,3.0,73,117,23.91
2,2026-01-09 22:08:00,2026-01-09 22:41:00,1,3.93,41,58,22.25
1,2026-01-09 09:06:00,2026-01-09 09:19:00,1,4.17,138,106,17.93
1,2026-01-15 23:01:00,2026-01-15 23:16:00,4,3.15,47,143,15.58
2,2026-01-22 08:49:00,2026-01-22 09:08:00,1,2.85,138,259,15.73
2,2026-01-26 03:11:00,2026-01-26 04:00:00,2,2.57,226,55,22.45
1,2026-01-10 03:32:00,2026-01-10 04:13:00,1,3.12,117,21,21.98
2,2026-01-22 01:07:00,2026-01-22 01:31:00,1,1.26,198,234,12.53
1,2026-01-24 15:26:00,2026-01-24 16:00:00,1,1.49,36,44,15.67
2,2026-01-17 20:25:00,2026-01-17 21:17:00,4,2.86,102,256,24.01
2,2026-01-28 11:25:00,2026-01-28 12:01:00,2,3.97,183,208,23.11
1,2026-01-12 21:09:00,2026-01-12 21:21:00,1,2.09,233,63,11.86
1,2026-01-05 05:47:00,2026-01-05 05:57:00,1,3.51,28,256,15.32
1,2026-01-17 07:38:00,2026-01-17 08:16:00,4,1.09,239,134,15.56
1,2026-01-02 08:27:00,2026-01-02 09:15:00,2,2.62,17,156,22.35
2,2026-01-19 09:08:00,2026-01-19 09:30:00,4,2.22,57,254,14.71
1,2026-01-13 03:20:00,2026-01-13 03:27:00,4,1.47,32,24,8.86
2,2026-01-16 15:22:00,2026-01-16 16:16:00,2,1.17,14,175,19.78
2,2026-01-15 23:03:00,2026-01-15 23:24:00,2,2.97,126,121,16.55
1,2026-01-04 14:58:00,2026-01-04 15:36:00,1,1.91,217,216,17.84
2,2026-01-17 02:36:00,2026-01-17 03:21:00,2,3.94,162,154,25.29
2,2026-01-09 14:31:00,2026-01-09 15:11:00,4,2.01,39,110,18.64
2,2026-01-10 15:39:00,2026-01-10 16:17:00,3,2.46,48,154,19.4
1,2026-01-24 00:20:00,2026-01-24 00:43:00,2,3.87,93,223,19.59
1,2026-01-09 13:23:00,2026-01-09 13:38:00,3,1.33,237,124,10.47
1,2026-01-13 19:54:00,2026-01-13 20:25:00,4,3.79,236,123,21.37
2,2026-01-14 05:29:00,2026-01-14 06:10:00,3,2.61,249,224,20.57
2,2026-01-02 13:12:00,2026-01-02 13:35:00,3,4.18,82,70,20.46
1,2026-01-24 11:11:00,2026-01-24 11:42:00,1,2.49,132,72,17.71
2,2026-01-25 08:47:00,2026-01-25 09:20:00,2,3.66,236,112,21.5
2,2026-01-18 10:16:00,2026-01-18 10:52:00,1,2.69,192,189,19.52
1,2026-01-28 12:57:00,2026-01-28 13:50:00,1,1.33,18,28,19.97
2,2026-01-24 13:24:00,2026-01-24 14:18:00,1,0.3,132,121,17.34
2,2026-01-07 20:58:00,2026-01-07 21:10:00,2,2.75,141,83,13.69
1,2026-01-26 16:46:00,2026-01-26 17:21:00,3,0.75,168,15,13.85
2,2026-01-28 08:11:00,2026-01-28 08:50:00,2,4.24,236,67,24.64
1,2026-01-21 09:55:00,2026-01-21 10:25:00,1,1.7,168,115,15.27
1,2026-01-24 19:41:00,2026-01-24 19:52:00,3,3.95,161,189,16.8
1,2026-01-23 10:27:00,2026-01-23 11:16:00,1,3.46,233,254,24.94
1,2026-01-09 16:12:00,2026-01-09 16:36:00,2,1.16,137,254,12.25
2,2026-01-10 04:52:00,2026-01-10 05:13:00,1,2.96,75,190,16.54
2,2026-01-01 10:30:00,2026-01-01 10:56:00,3,1.37,69,204,13.33
1,2026-01-26 11:16:00,2026-01-26 11:28:00,1,0.35,38,31,6.98
2,2026-01-11 00:30:00,2026-01-11 00:38:00,2,2.01,190,92,10.62
1,2026-01-06 15:05:00,2026-01-06 15:56:00,1,3.52,163,222,25.6
2,2026-01-05 23:20:00,2026-01-05 23:34:00,2,3.68,23,256,16.79
2,2026-01-13 01:57:00,2026-01-13 02:42:00,2,0.46,135,136,15.53
2,2026-01-08 00:20:00,2026-01-08 01:14:00,1,0.3,252,78,17.34
1,2026-01-09 01:09:00,2026-01-09 01:29:00,2,1.17,28,94,11.27
1,2026-01-12 02:10:00,2026-01-12 02:43:00,2,4.85,240,60,24.82
1,2026-01-16 05:45:00,2026-01-16 06:20:00,4,2.02,249,253,17.4
2,2026-01-07 07:07:00,2026-01-07 08:02:00,3,2.78,140,93,24.55
1,2026-01-05 00:56:00,2026-01-05 01:03:00,2,2.34,169,146,11.3
2,2026-01-16 22:37:00,2026-01-16 23:03:00,2,3.41,55,79,19.05
2,2026-01-27 19:17:00,2026-01-27 20:10:00,1,3.44,79,37,25.88
2,2026-01-18 00:16:00,2026-01-18 00:29:00,3,0.83,161,153,8.56
1,2026-01-26 17:08:00,2026-01-26 17:52:00,4,3.27,138,217,23.17
1,2026-01-19 00:51:00,2026-01-19 01:36:00,2,0.94,189,96,16.89
2,2026-01-15 13:29:00,2026-01-15 14:16:00,2,2.61,115,80,22.05
1,2026-01-27 20:41:00,2026-01-27 21:14:00,2,1.82,77,152,16.35
2,2026-01-05 14:32:00,2026-01-05 15:04:00,3,1.47,218,49,15.11
2,2026-01-25 06:52:00,2026-01-25 07:00:00,2,0.48,42,43,6.34
2,2026-01-20 09:48:00,2026-01-20 09:55:00,1,4.14,55,3,16.34
2,2026-01-01 13:10:00,2026-01-01 13:45:00,1,4.22,245,208,23.56
2,2026-01-27 09:52:00,2026-01-27 09:59:00,3,0.91,230,108,7.3
1,2026-01-07 04:41:00,2026-01-07 05:14:00,2,3.86,124,98,22.07
2,2026-01-19 00:01:00,2026-01-19 00:17:00,2,3.16,60,79,15.85
2,2026-01-21 02:01:00,2026-01-21 02:44:00,1,2.57,231,125,20.94
2,2026-01-15 05:00:00,2026-01-15 05:46:00,4,3.59,53,222,24.54
2,2026-01-22 03:47:00,2026-01-22 03:55:00,1,0.94,149,250,7.62
1,2026-01-03 14:33:00,2026-01-03 15:23:00,1,2.95,214,224,23.76
2,2026-01-13 06:46:00,2026-01-13 07:22:00,2,0.78,99,177,14.18
2,2026-01-29 00:29:00,2026-01-29 00:53:00,4,2.64,68,200,16.4
2,2026-01-28 20:47:00,2026-01-28 21:31:00,1,4.2,162,252,25.77
1,2026-01-11 00:13:00,2026-01-11 00:46:00,1,2.84,10,59,19.19
1,2026-01-24 23:14:00,2026-01-25 00:08:00,4,4.17,137,57,28.17
2,2026-01-24 23:02:00,2026-01-24 23:17:00,4,1.77,138,187,11.7
2,2026-01-06 21:07:00,2026-01-06 21:41:00,1,2.12,104,213,17.43
2,2026-01-13 05:32:00,2026-01-13 05:43:00,3,1.96,88,137,11.25
1,2026-01-18 16:23:00,2026-01-18 16:57:00,1,2.34,68,75,18.05
2,2026-01-15 10:20:00,2026-01-15 11:15:00,1,0.3,206,85,17.59
1,2026-01-17 18:48:00,2026-01-17 19:27:00,2,2.8,237,76,20.59
2,2026-01-27 15:50:00,2026-01-27 16:40:00,4,0.86,227,177,17.9
1,2026-01-09 10:56:00,2026-01-09 11:07:00,2,0.94,155,19,8.38
1,2026-01-24 01:18:00,2026-01-24 02:10:00,3,1.82,110,217,21.1
1,2026-01-03 13:53:00,2026-01-03 14:14:00,3,1.52,133,120,12.51
2,2026-01-17 02:33:00,2026-01-17 02:44:00,1,2.89,132,32,13.85
2,2026-01-21 07:13:00,2026-01-21 07:29:00,1,1.82,203,74,12.09
2,2026-01-22 21:55:00,2026-01-22 22:45:00,2,2.05,61,109,21.24
1,2026-01-02 09:47:00,2026-01-02 10:16:00,1,3.12,81,156,18.99
1,2026-01-26 03:26:00,2026-01-26 03:51:00,1,2.38,25,146,15.9
2,2026-01-21 20:00:00,2026-01-21 20:52:00,4,3.31,159,68,25.26
1,2026-01-20 04:42:00,2026-01-20 04:57:00,4,0.68,230,167,8.66
1,2026-01-27 15:42:00,2026-01-27 16:12:00,3,2.98,210,120,18.86
1,2026-01-19 21:47:00,2026-01-19 22:34:00,3,1.46,143,46,18.84
1,2026-01-02 01:36:00,2026-01-02 02:17:00,2,1.79,159,64,18.25
1,2026-01-23 06:12:00,2026-01-23 06:50:00,3,1.7,244,10,17.27
2,2026-01-23 16:11:00,2026-01-23 16:34:00,1,2.16,10,106,14.79
2,2026-01-23 18:38:00,2026-01-23 19:04:00,1,5.08,93,196,23.71
1,2026-01-05 21:06:00,2026-01-05 21:30:00,1,2.94,87,74,17.24
2,2026-01-18 09:43:00,2026-01-18 10:15:00,2,5.07,161,166,25.2
2,2026-01-06 03:03:00,2026-01-06 03:24:00,1,0.3,104,122,9.09
1,2026-01-12 11:03:00,2026-01-12 11:38:00,2,2.19,163,209,17.88
1,2026-01-02 05:26:00,2026-01-02 05:33:00,1,0.6,120,138,6.42
2,2026-01-24 16:41:00,2026-01-24 17:21:00,1,1.57,236,217,17.39
1,2026-01-01 01:52:00,2026-01-01 02:37:00,2,1.68,238,149,18.97
2,2026-01-12 15:38:00,2026-01-12 16:27:00,4,1.5,129,195,19.46
1,2026-01-27 23:13:00,2026-01-27 23:37:00,1,2.88,262,24,17.07
2,2026-01-04 19:25:00,2026-01-04 19:46:00,1,4.46,237,165,20.74
2,2026-01-20 14:38:00,2026-01-20 14:45:00,1,2.05,169,69,10.5
2,2026-01-01 09:43:00,2026-01-01 10:27:00,1,3.14,202,184,22.79
2,2026-01-01 08:07:00,2026-01-01 08:58:00,1,3.34,237,114,25.1
2,2026-01-12 23:31:00,2026-01-12 23:37:00,1,3.49,108,101,14.28
2,2026-01-12 20:36:00,2026-01-12 21:25:00,3,5.04,230,12,29.37
1,2026-01-24 21:56:00,2026-01-24 22:25:00,1,2.01,209,23,15.87
1,2026-01-12 20:58:00,2026-01-12 21:08:00,3,3.55,201,128,15.44
1,2026-01-27 16:06:00,2026-01-27 16:42:00,2,3.11,15,222,20.72
1,2026-01-27 17:59:00,2026-01-27 18:54:00,1,3.35,132,225,26.13
1,2026-01-03 14:58:00,2026-01-03 15:10:00,1,0.43,132,29,7.19
1,2026-01-17 06:25:00,2026-01-17 07:00:00,2,1.61,68,169,16.26
1,2026-01-03 21:37:00,2026-01-03 21:45:00,1,1.8,161,31,10.04
1,2026-01-25 22:27:00,2026-01-25 23:06:00,2,3.44,68,75,22.37
1,2026-01-15 16:12:00,2026-01-15 16:58:00,1,2.6,103,104,21.79
2,2026-01-09 01:42:00,2026-01-09 02:32:00,2,1.23,244,240,18.94
1,2026-01-13 18:26:00,2026-01-13 19:11:00,2,2.57,254,110,21.44
2,2026-01-15 03:51:00,2026-01-15 04:10:00,1,3.56,193,205,17.72
1,2026-01-04 03:22:00,2026-01-04 03:42:00,1,5.43,162,135,23.21
2,2026-01-24 15:15:00,2026-01-24 15:34:00,3,0.99,101,157,10.52
1,2026-01-08 07:33:00,2026-01-08 08:19:00,4,3.51,67,126,24.34
1,2026-01-27 06:37:00,2026-01-27 07:17:00,3,2.36,97,151,19.62
1,2026-01-12 22:55:00,2026-01-12 23:33:00,3,1.06,65,251,15.48
2,2026-01-04 11:50:00,2026-01-04 12:29:00,2,1.8,86,248,17.79
2,2026-01-18 02:40:00,2026-01-18 03:22:00,1,0.73,104,81,15.54
2,2026-01-24 11:05:00,2026-01-24 11:39:00,1,1.05,181,240,14.45
1,2026-01-12 15:24:00,2026-01-12 15:41:00,1,2.57,13,227,14.45
1,2026-01-28 12:04:00,2026-01-28 12:15:00,4,2.89,184,151,13.84
1,2026-01-12 19:59:00,2026-01-12 20:24:00,3,2.0,237,141,14.84
2,2026-01-26 18:08:00,2026-01-26 18:39:00,1,3.49,161,117,20.52
2,2026-01-23 00:37:00,2026-01-23 01:29:00,4,4.07,240,237,27.41
2,2026-01-04 15:20:00,2026-01-04 16:13:00,1,0.34,97,5,17.2
1,2026-01-10 14:26:00,2026-01-10 14:45:00,2,2.1,167,201,13.64
2,2026-01-17 11:12:00,2026-01-17 11:19:00,1,2.93,88,96,12.96
2,2026-01-09 18:14:00,2026-01-09 18:27:00,2,5.71,162,67,22.23
1,2026-01-03 22:24:00,2026-01-03 22:30:00,2,0.3,230,74,5.34
1,2026-01-15 00:58:00,2026-01-15 01:33:00,3,2.85,252,237,19.73
1,2026-01-04 21:18:00,2026-01-04 22:06:00,1,1.93,201,94,20.4
1,2026-01-07 17:17:00,2026-01-07 17:49:00,1,2.69,35,231,18.53
2,2026-01-09 20:32:00,2026-01-09 20:54:00,2,3.03,68,59,17.0
2,2026-01-20 16:04:00,2026-01-20 16:45:00,1,1.47,43,125,17.37
1,2026-01-21 02:52:00,2026-01-21 03:08:00,1,2.97,143,88,15.3
2,2026-01-06 07:34:00,2026-01-06 08:23:00,3,1.81,79,111,20.31
1,2026-01-03 00:53:00,2026-01-03 01:14:00,1,3.15,158,103,17.08
1,2026-01-09 04:43:00,2026-01-09 05:03:00,3,2.78,33,50,15.79
1,2026-01-08 03:02:00,2026-01-08 03:40:00,2,2.52,213,56,19.57
1,2026-01-09 20:59:00,2026-01-09 21:46:00,2,2.23,119,162,20.99
2,2026-01-10 01:29:00,2026-01-10 02:20:00,3,2.09,138,88,21.61
1,2026-01-17 13:43:00,2026-01-17 14:29:00,1,2.64,10,120,21.88
1,2026-01-01 21:39:00,2026-01-01 22:04:00,1,1.95,64,122,14.7
1,2026-01-06 20:23:00,2026-01-06 20:46:00,2,1.19,161,163,12.07
1,2026-01-18 16:41:00,2026-01-18 17:20:00,4,2.79,170,165,20.55
1,2026-01-21 23:04:00,2026-01-21 23:13:00,1,3.65,99,73,15.46
1,2026-01-04 21:11:00,2026-01-04 21:28:00,1,1.58,219,128,11.69
1,2026-01-21 12:05:00,2026-01-21 12:36:00,2,3.59,185,194,20.79
2,2026-01-19 19:27:00,2026-01-19 20:19:00,1,3.14,154,90,24.79
2,2026-01-17 00:35:00,2026-01-17 01:27:00,2,3.44,98,192,25.63
2,2026-01-18 17:25:00,2026-01-18 18:19:00,2,5.19,230,224,31.02
1,2026-01-21 20:40:00,2026-01-21 21:02:00,1,2.65,161,234,15.92
2,2026-01-11 13:38:00,2026-01-11 14:00:00,2,0.62,197,155,10.23
1,2026-01-14 03:46:00,2026-01-14 04:40:00,3,2.09,211,46,22.36
2,2026-01-25 10:49:00,2026-01-25 10:59:00,1,0.37,138,214,6.54
1,2026-01-08 12:23:00,2026-01-08 13:14:00,2,1.83,96,69,20.86
2,2026-01-08 18:32:00,2026-01-08 19:18:00,1,3.69,31,56,24.83
1,2026-01-17 02:07:00,2026-01-17 03:01:00,1,1.57,237,4,20.89
2,2026-01-10 00:33:00,2026-01-10 01:02:00,4,1.8,236,205,15.3
2,2026-01-15 02:51:00,2026-01-15 02:57:00,3,2.38,52,234,11.18
1,2026-01-06 22:01:00,2026-01-06 22:40:00,1,4.01,63,144,23.97
1,2026-01-20 06:39:00,2026-01-20 07:17:00,1,1.49,244,212,16.68
2,2026-01-28 05:52:00,2026-01-28 05:59:00,3,4.32,165,185,16.85
2,2026-01-19 22:14:00,2026-01-19 22:45:00,2,0.3,249,42,11.59
1,2026-01-21 07:42:00,2026-01-21 08:31:00,2,3.84,52,240,26.01
2,2026-01-24 01:15:00,2026-01-24 01:35:00,3,3.24,237,132,17.06
1,2026-01-06 06:42:00,2026-01-06 07:22:00,2,3.65,70,252,23.22
2,2026-01-26 15:04:00,2026-01-26 15:34:00,4,3.09,176,196,19.15
1,2026-01-10 22:14:00,2026-01-10 22:44:00,4,1.5,60,1,14.71
2,2026-01-17 13:27:00,2026-01-17 13:47:00,1,3.59,164,256,18.04
1,2026-01-26 15:18:00,2026-01-26 16:11:00,1,1.26,75,18,19.78
2,2026-01-25 11:30:00,2026-01-25 12:07:00,4,1.5,162,201,16.45
2,2026-01-07 19:01:00,2026-01-07 19:27:00,3,4.31,161,28,21.56
2,2026-01-07 23:36:00,2026-01-08 00:10:00,1,0.57,71,248,13.1
1,2026-01-09 22:13:00,2026-01-09 23:06:00,3,0.57,101,5,17.84
2,2026-01-07 07:24:00,2026-01-07 07:57:00,1,5.0,174,77,25.25
1,2026-01-02 10:07:00,2026-01-02 10:38:00,3,1.57,124,251,15.16
1,2026-01-17 00:49:00,2026-01-17 01:26:00,1,3.63,138,261,22.41
2,2026-01-26 00:36:00,2026-01-26 00:59:00,3,2.31,246,49,15.21
1,2026-01-19 12:19:00,2026-01-19 12:31:00,3,1.37,65,167,9.84
2,2026-01-23 22:11:00,2026-01-23 23:01:00,1,0.36,208,11,16.51
1,2026-01-23 03:53:00,2026-01-23 04:47:00,1,3.47,64,107,26.22
1,2026-01-26 13:44:00,2026-01-26 13:50:00,2,2.29,93,229,10.92
1,2026-01-09 19:41:00,2026-01-09 20:29:00,1,2.62,44,1,22.32
2,2026-01-02 23:33:00,2026-01-03 00:21:00,2,2.99,151,228,23.37
1,2026-01-16 00:38:00,2026-01-16 00:57:00,1,3.17,262,51,16.63
1,2026-01-02 13:12:00,2026-01-02 13:37:00,2,3.67,73,111,19.53
1,2026-01-16 07:17:00,2026-01-16 08:06:00,2,2.77,237,218,23.0
1,2026-01-09 16:04:00,2026-01-09 16:50:00,2,1.76,138,99,19.42
1,2026-01-07 13:20:00,2026-01-07 13:50:00,1,0.59,223,14,12.16
2,2026-01-12 12:07:00,2026-01-12 12:56:00,1,3.67,57,209,25.53
1,2026-01-12 15:09:00,2026-01-12 15:32:00,2,2.79,116,6,16.56
2,2026-01-10 11:24:00,2026-01-10 11:40:00,4,3.23,79,163,16.03
2,2026-01-23 16:35:00,2026-01-23 17:11:00,1,1.71,207,66,16.78
2,2026-01-22 21:45:00,2026-01-22 22:33:00,1,3.07,80,65,23.6
2,2026-01-28 06:23:00,2026-01-28 07:12:00,1,3.31,128,215,24.53
1,2026-01-19 17:22:00,2026-01-19 18:08:00,1,3.99,132,41,25.67
1,2026-01-25 13:03:00,2026-01-25 13:09:00,3,2.51,6,98,11.53
1,2026-01-19 03:44:00,2026-01-19 04:05:00,1,0.3,177,22,9.09
2,2026-01-04 04:23:00,2026-01-04 05:03:00,1,0.3,236,61,13.84
1,2026-01-21 14:18:00,2026-01-21 14:37:00,1,1.98,136,2,13.3
1,2026-01-28 10:32:00,2026-01-28 11:07:00,1,0.55,19,250,13.28
1,2026-01-01 06:39:00,2026-01-01 07:06:00,2,2.03,236,153,15.42
1,2026-01-16 03:00:00,2026-01-16 03:33:00,1,2.2,52,252,17.4
2,2026-01-23 13:32:00,2026-01-23 14:04:00,1,2.22,79,64,17.22
2,2026-01-21 01:25:00,2026-01-21 01:50:00,1,2.03,192,187,14.92
1,2026-01-23 21:51:00,2026-01-23 22:03:00,1,1.38,138,225,9.87
1,2026-01-19 12:00:00,2026-01-19 12:51:00,1,1.03,184,102,18.62
1,2026-01-13 03:02:00,2026-01-13 03:33:00,3,2.0,69,216,16.35
2,2026-01-09 11:30:00,2026-01-09 11:43:00,2,0.3,137,216,7.09
2,2026-01-22 03:51:00,2026-01-22 04:17:00,1,0.3,66,205,10.34
2,2026-01-05 16:06:00,2026-01-05 16:20:00,2,2.07,11,80,12.29
1,2026-01-01 13:49:00,2026-01-01 13:58:00,2,0.64,122,176,7.03
2,2026-01-21 11:18:00,2026-01-21 11:55:00,1,2.79,145,43,20.07
1,2026-01-27 08:09:00,2026-01-27 08:59:00,1,2.61,138,258,22.8
1,2026-01-06 03:08:00,2026-01-06 03:16:00,1,1.6,206,141,9.48
1,2026-01-19 04:01:00,2026-01-19 04:12:00,1,1.03,103,27,8.64
1,2026-01-15 08:27:00,2026-01-15 09:18:00,1,4.2,262,215,27.51
1,2026-01-03 00:11:00,2026-01-03 00:33:00,3,1.43,162,252,12.51
2,2026-01-01 13:43:00,2026-01-01 14:10:00,3,2.87,67,185,17.79
1,2026-01-26 03:33:00,2026-01-26 03:54:00,1,2.39,191,142,14.95
1,2026-01-27 20:47:00,2026-01-27 21:27:00,1,4.34,230,79,25.16
1,2026-01-09 04:26:00,2026-01-09 05:20:00,2,3.13,130,178,25.28
1,2026-01-03 21:30:00,2026-01-03 22:07:00,1,1.3,86,263,15.88
1,2026-01-19 16:48:00,2026-01-19 17:18:00,1,1.32,261,200,14.21
1,2026-01-07 19:36:00,2026-01-07 19:49:00,1,3.76,152,88,16.77
2,2026-01-23 18:15:00,2026-01-23 19:02:00,1,1.04,68,178,17.66
2,2026-01-24 10:16:00,2026-01-24 10:23:00,3,0.3,237,55,5.59
1,2026-01-11 23:55:00,2026-01-12 00:24:00,2,2.53,138,76,17.35
1,2026-01-08 21:52:00,2026-01-08 22:10:00,3,1.79,91,252,12.52
1,2026-01-13 00:01:00,2026-01-13 00:17:00,1,2.85,159,91,14.99
2,2026-01-07 02:04:00,2026-01-07 02:25:00,1,0.43,219,233,9.46
1,2026-01-23 11:08:00,2026-01-23 11:52:00,4,1.92,7,52,19.39
1,2026-01-28 11:59:00,2026-01-28 12:13:00,1,2.27,23,128,12.86
1,2026-01-07 02:40:00,2026-01-07 02:46:00,1,0.3,7,55,5.34
2,2026-01-06 22:30:00,2026-01-06 22:46:00,2,1.52,228,158,11.25
1,2026-01-07 14:15:00,2026-01-07 14:55:00,1,1.67,29,137,17.68
1,2026-01-24 05:18:00,2026-01-24 05:46:00,3,1.66,161,147,14.64
1,2026-01-17 09:43:00,2026-01-17 10:12:00,2,4.5,138,44,22.84
1,2026-01-23 15:21:00,2026-01-23 16:10:00,3,1.1,93,218,18.34
2,2026-01-13 20:39:00,2026-01-13 21:05:00,4,1.72,161,76,14.31
2,2026-01-03 20:07:00,2026-01-03 20:40:00,2,4.42,94,247,23.62
2,2026-01-28 03:21:00,2026-01-28 04:08:00,2,0.98,71,126,17.48
2,2026-01-23 21:52:00,2026-01-23 22:22:00,2,3.11,118,43,19.22
1,2026-01-25 15:49:00,2026-01-25 16:17:00,1,3.5,79,185,19.8
1,2026-01-20 15:09:00,2026-01-20 15:30:00,1,0.3,216,108,9.09
1,2026-01-06 21:07:00,2026-01-06 21:37:00,3,1.68,74,14,15.21
1,2026-01-05 12:42:00,2026-01-05 13:18:00,1,0.91,38,81,14.55
2,2026-01-16 14:09:00,2026-01-16 14:30:00,1,4.36,41,40,20.45
1,2026-01-08 18:30:00,2026-01-08 19:17:00,2,3.38,79,17,24.21
1,2026-01-07 20:00:00,2026-01-07 20:30:00,1,3.15,81,65,19.31
1,2026-01-17 17:11:00,2026-01-17 17:34:00,1,1.99,230,56,14.31
1,2026-01-16 11:38:00,2026-01-16 11:45:00,1,1.8,172,123,9.79
1,2026-01-26 11:00:00,2026-01-26 11:18:00,1,3.57,159,104,17.49
2,2026-01-12 11:05:00,2026-01-12 11:47:00,1,3.1,23,248,22.18
1,2026-01-16 05:48:00,2026-01-16 06:19:00,1,2.4,145,257,17.46
2,2026-01-17 16:46:00,2026-01-17 17:29:00,1,1.93,52,20,19.15
1,2026-01-27 16:05:00,2026-01-27 16:24:00,2,2.77,119,73,15.5
2,2026-01-23 00:46:00,2026-01-23 01:20:00,1,1.5,175,68,15.69
1,2026-01-17 12:15:00,2026-01-17 12:50:00,1,3.06,138,161,20.32
2,2026-01-07 21:04:00,2026-01-07 21:46:00,1,1.82,144,187,18.6
1,2026-01-21 04:16:00,2026-01-21 05:03:00,2,2.47,227,72,21.66
1,2026-01-21 19:02:00,2026-01-21 19:51:00,2,2.26,132,212,21.59
1,2026-01-28 11:03:00,2026-01-28 11:53:00,4,2.07,126,5,21.28
2,2026-01-05 11:18:00,2026-01-05 11:34:00,3,2.62,193,205,14.33
2,2026-01-04 23:22:00,2026-01-04 23:48:00,1,1.42,132,176,13.48
1,2026-01-21 07:07:00,2026-01-21 07:36:00,4,4.02,79,221,21.52
1,2026-01-01 23:48:00,2026-01-02 00:11:00,1,1.99,217,130,14.32
2,2026-01-07 01:04:00,2026-01-07 01:35:00,2,1.53,141,42,15.04
1,2026-01-10 03:42:00,2026-01-10 04:18:00,3,3.91,220,244,22.94
1,2026-01-19 15:22:00,2026-01-19 15:28:00,1,3.67,200,102,14.78
2,2026-01-14 12:00:00,2026-01-14 12:35:00,4,2.94,78,76,19.97
1,2026-01-14 12:07:00,2026-01-14 12:29:00,3,4.97,209,2,22.41
1,2026-01-20 04:40:00,2026-01-20 04:48:00,2,1.89,50,112,10.29
2,2026-01-24 07:49:00,2026-01-24 08:14:00,3,3.46,86,258,18.94
2,2026-01-20 10:26:00,2026-01-20 10:54:00,2,1.54,211,181,14.31
2,2026-01-15 07:07:00,2026-01-15 07:18:00,3,2.28,138,9,12.13
1,2026-01-27 14:59:00,2026-01-27 15:45:00,3,1.28,52,228,18.07
1,2026-01-13 08:54:00,2026-01-13 09:26:00,2,4.36,59,203,23.21
1,2026-01-13 02:17:00,2026-01-13 02:42:00,1,2.16,136,213,15.29
2,2026-01-18 16:02:00,2026-01-18 16:47:00,1,3.12,230,202,22.99
1,2026-01-28 03:24:00,2026-01-28 03:55:00,2,0.3,89,163,11.59
1,2026-01-10 20:06:00,2026-01-10 20:12:00,2,5.05,134,79,18.65
2,2026-01-17 07:01:00,2026-01-17 07:49:00,1,3.53,237,27,24.88
1,2026-01-07 03:40:00,2026-01-07 04:26:00,1,4.21,12,53,26.28
1,2026-01-07 01:18:00,2026-01-07 01:35:00,2,3.86,135,48,18.07
1,2026-01-16 10:58:00,2026-01-16 11:29:00,2,1.85,107,52,15.92
2,2026-01-27 16:04:00,2026-01-27 16:53:00,1,2.11,108,215,21.17
1,2026-01-28 00:58:00,2026-01-28 01:14:00,1,1.32,231,93,10.69
1,2026-01-15 15:22:00,2026-01-15 16:07:00,2,4.57,248,3,27.06
1,2026-01-11 20:59:00,2026-01-11 21:25:00,1,3.57,68,71,19.48
2,2026-01-12 16:30:00,2026-01-12 16:41:00,2,4.0,103,179,16.95
2,2026-01-22 03:27:00,2026-01-22 03:58:00,2,2.1,263,99,16.63
2,2026-01-05 09:37:00,2026-01-05 10:10:00,1,4.0,250,103,22.44
2,2026-01-27 23:52:00,2026-01-28 00:26:00,2,4.42,33,86,23.88
2,2026-01-18 11:18:00,2026-01-18 11:37:00,1,0.3,132,191,8.59
2,2026-01-14 09:07:00,2026-01-14 09:51:00,3,2.65,5,109,21.42
2,2026-01-26 22:56:00,2026-01-26 23:38:00,1,2.0,39,216,19.11
2,2026-01-14 15:12:00,2026-01-14 15:21:00,1,0.3,101,253,6.09
2,2026-01-06 07:28:00,2026-01-06 07:36:00,3,3.23,122,21,14.05
2,2026-01-01 16:04:00,2026-01-01 16:16:00,2,1.94,241,213,11.43
1,2026-01-04 09:35:00,2026-01-04 09:44:00,1,2.25,236,6,11.56
2,2026-01-14 18:55:00,2026-01-14 19:04:00,1,4.16,138,156,16.89
1,2026-01-08 06:59:00,2026-01-08 07:42:00,1,2.59,71,236,20.99
1,2026-01-14 14:55:00,2026-01-14 15:49:00,2,0.94,76,212,19.12
1,2026-01-21 09:42:00,2026-01-21 10:03:00,1,1.85,43,106,13.43
2,2026-01-22 02:03:00,2026-01-22 02:09:00,1,0.94,109,111,7.13
2,2026-01-15 12:13:00,2026-01-15 13:07:00,3,2.34,161,160,23.04
2,2026-01-07 13:54:00,2026-01-07 14:06:00,4,2.32,259,67,12.5
1,2026-01-27 11:32:00,2026-01-27 12:27:00,1,3.22,104,205,25.76
2,2026-01-12 20:27:00,2026-01-12 20:50:00,1,1.74,162,15,13.62
1,2026-01-06 01:59:00,2026-01-06 02:27:00,1,2.32,44,221,16.49
2,2026-01-17 22:32:00,2026-01-17 22:50:00,2,2.38,226,151,14.16
1,2026-01-26 22:31:00,2026-01-26 22:43:00,1,2.79,222,26,13.83
2,2026-01-10 08:07:00,2026-01-10 08:19:00,2,2.95,123,113,14.26
1,2026-01-09 18:10:00,2026-01-09 18:36:00,1,0.74,162,36,11.58
1,2026-01-15 04:57:00,2026-01-15 05:12:00,1,1.46,234,7,10.84
2,2026-01-12 06:56:00,2026-01-12 07:12:00,2,1.0,40,5,9.81
2,2026-01-25 21:00:00,2026-01-25 21:55:00,2,3.85,161,49,27.54
2,2026-01-21 22:47:00,2026-01-21 23:27:00,1,3.37,180,132,22.44
2,2026-01-16 13:29:00,2026-01-16 13:57:00,1,1.47,7,155,14.13
1,2026-01-12 12:43:00,2026-01-12 12:58:00,3,0.3,11,211,7.59
2,2026-01-07 01:22:00,2026-01-07 01:29:00,1,0.46,255,126,6.05
2,2026-01-09 19:47:00,2026-01-09 20:30:00,1,2.33,56,214,20.28
2,2026-01-09 03:02:00,2026-01-09 03:47:00,1,0.89,176,63,16.75
2,2026-01-05 16:00:00,2026-01-05 16:49:00,3,2.64,256,76,22.63
2,2026-01-07 09:33:00,2026-01-07 09:57:00,1,4.17,230,64,20.67
2,2026-01-01 00:03:00,2026-01-01 00:17:00,4,2.44,129,180,13.32
2,2026-01-22 10:42:00,2026-01-22 10:53:00,2,3.32,80,139,15.04
1,2026-01-04 10:18:00,2026-01-04 11:02:00,2,3.62,113,160,24.14
1,2026-01-19 14:43:00,2026-01-19 15:26:00,2,1.77,166,72,18.72
2,2026-01-24 15:12:00,2026-01-24 15:46:00,2,1.37,224,161,15.33
1,2026-01-16 02:27:00,2026-01-16 02:59:00,4,0.3,239,211,11.84
2,2026-01-18 23:05:00,2026-01-18 23:53:00,4,2.74,263,4,22.67
1,2026-01-23 02:29:00,2026-01-23 02:40:00,1,1.66,28,29,10.39
2,2026-01-26 08:06:00,2026-01-26 08:26:00,3,6.68,161,80,26.71
1,2026-01-14 06:46:00,2026-01-14 07:23:00,2,2.11,4,103,18.15
1,2026-01-05 03:15:00,2026-01-05 03:27:00,4,2.11,105,243,11.9
1,2026-01-22 13:28:00,2026-01-22 13:37:00,4,1.67,201,63,9.94
2,2026-01-11 00:53:00,2026-01-11 01:46:00,2,3.41,73,103,25.81
1,2026-01-13 08:18:00,2026-01-13 08:25:00,2,1.71,161,146,9.54
1,2026-01-13 22:02:00,2026-01-13 22:10:00,2,2.51,228,182,12.03
1,2026-01-20 13:17:00,2026-01-20 13:33:00,1,0.3,5,184,7.84
2,2026-01-23 09:24:00,2026-01-23 09:34:00,2,3.19,78,248,14.43
2,2026-01-26 20:42:00,2026-01-26 21:02:00,1,2.48,162,50,14.95
1,2026-01-10 21:49:00,2026-01-10 22:23:00,1,0.88,132,192,13.97
1,2026-01-14 16:06:00,2026-01-14 16:36:00,1,3.66,231,69,20.76
1,2026-01-11 18:31:00,2026-01-11 18:39:00,1,3.09,230,72,13.65
1,2026-01-18 09:36:00,2026-01-18 09:50:00,2,1.64,181,35,11.09
1,2026-01-04 08:08:00,2026-01-04 08:38:00,4,3.83,237,184,21.22
1,2026-01-07 17:18:00,2026-01-07 17:45:00,1,3.13,79,216,18.5
2,2026-01-09 17:35:00,2026-01-09 18:11:00,3,4.28,214,67,23.99
1,2026-01-02 18:06:00,2026-01-02 18:13:00,2,0.87,79,101,7.2
1,2026-01-21 13:03:00,2026-01-21 13:58:00,2,1.59,199,194,21.21
2,2026-01-19 05:35:00,2026-01-19 05:48:00,1,3.32,71,225,15.56
1,2026-01-09 06:21:00,2026-01-09 06:30:00,1,3.22,224,122,14.27
1,2026-01-26 02:00:00,2026-01-26 02:32:00,4,2.31,117,24,17.46
2,2026-01-03 10:04:00,2026-01-03 10:48:00,3,2.09,161,204,19.85
2,2026-01-06 05:42:00,2026-01-06 05:52:00,4,2.85,40,129,13.49
2,2026-01-10 09:28:00,2026-01-10 10:19:00,1,2.89,137,249,23.85
1,2026-01-09 16:58:00,2026-01-09 17:37:00,1,1.58,71,119,17.19
2,2026-01-07 01:02:00,2026-01-07 01:52:00,1,3.53,121,226,25.39
1,2026-01-01 21:31:00,2026-01-01 21:54:00,1,1.24,18,143,12.22
2,2026-01-12 21:54:00,2026-01-12 22:31:00,2,1.57,197,10,16.63
1,2026-01-19 22:02:00,2026-01-19 22:21:00,3,2.61,115,195,15.06
2,2026-01-14 00:02:00,2026-01-14 00:09:00,4,3.27,179,173,13.9
1,2026-01-26 05:13:00,2026-01-26 05:40:00,4,3.49,15,223,19.53
2,2026-01-05 15:35:00,2026-01-05 16:27:00,2,0.53,199,148,17.49
2,2026-01-25 10:46:00,2026-01-25 11:41:00,1,1.47,236,152,20.87
1,2026-01-12 11:42:00,2026-01-12 12:29:00,1,3.12,129,7,23.5
1,2026-01-25 06:42:00,2026-01-25 07:18:00,1,0.77,92,112,14.17
1,2026-01-27 00:35:00,2026-01-27 00:45:00,1,2.96,161,226,13.78
1,2026-01-12 18:16:00,2026-01-12 18:50:00,3,5.04,59,163,25.62
1,2026-01-12 01:16:00,2026-01-12 02:05:00,2,2.6,9,181,22.52
2,2026-01-11 00:22:00,2026-01-11 00:32:00,2,2.57,58,219,12.71
1,2026-01-16 08:21:00,2026-01-16 08:28:00,4,2.73,77,55,12.4
1,2026-01-14 08:32:00,2026-01-14 09:10:00,2,2.61,115,215,19.8
1,2026-01-21 03:42:00,2026-01-21 04:08:00,4,1.95,226,138,14.97
2,2026-01-25 13:18:00,2026-01-25 13:29:00,3,1.66,186,181,10.39
1,2026-01-21 15:38:00,2026-01-21 16:12:00,2,1.92,118,215,16.88
1,2026-01-06 08:59:00,2026-01-06 09:37:00,1,1.69,147,76,17.24
2,2026-01-20 08:00:00,2026-01-20 08:10:00,2,2.42,162,68,12.27
2,2026-01-16 02:08:00,2026-01-16 02:58:00,2,1.96,206,124,20.98
1,2026-01-26 23:39:00,2026-01-27 00:31:00,3,1.51,56,24,20.24
2,2026-01-16 03:28:00,2026-01-16 04:14:00,3,2.03,210,231,20.17
1,2026-01-06 17:46:00,2026-01-06 18:24:00,1,1.92,162,144,17.87
2,2026-01-13 16:31:00,2026-01-13 16:40:00,2,2.81,175,261,13.1
1,2026-01-14 14:48:00,2026-01-14 15:03:00,2,1.05,92,22,9.69
2,2026-01-23 03:17:00,2026-01-23 03:29:00,2,1.97,161,178,11.51
1,2026-01-19 17:14:00,2026-01-19 17:21:00,1,3.79,162,21,15.36
1,2026-01-21 20:53:00,2026-01-21 21:27:00,1,2.69,138,222,19.03
1,2026-01-05 23:22:00,2026-01-06 00:15:00,1,2.12,41,114,22.19
1,2026-01-07 16:32:00,2026-01-07 16:55:00,3,1.12,172,233,11.88
2,2026-01-14 10:57:00,2026-01-14 11:30:00,1,1.05,20,52,14.18
1,2026-01-24 19:42:00,2026-01-24 19:59:00,2,3.04,101,255,15.76
2,2026-01-10 03:00:00,2026-01-10 03:36:00,4,2.88,252,93,20.07
1,2026-01-10 21:56:00,2026-01-10 22:28:00,1,1.29,150,229,14.62
2,2026-01-20 19:20:00,2026-01-20 19:58:00,1,4.77,237,111,25.87
2,2026-01-24 23:49:00,2026-01-25 00:41:00,2,0.91,218,113,18.56
1,2026-01-18 11:14:00,2026-01-18 11:24:00,1,3.97,171,26,16.62
2,2026-01-23 20:12:00,2026-01-23 20:20:00,4,3.25,68,11,14.09
1,2026-01-21 16:02:00,2026-01-21 16:26:00,1,0.63,81,155,10.77
2,2026-01-27 22:49:00,2026-01-27 22:57:00,3,2.1,127,140,10.88
2,2026-01-18 02:08:00,2026-01-18 02:39:00,4,0.3,49,100,11.59
2,2026-01-14 19:27:00,2026-01-14 20:00:00,2,3.41,263,48,20.81
1,2026-01-13 03:58:00,2026-01-13 04:19:00,2,3.31,260,196,17.51
2,2026-01-17 19:23:00,2026-01-17 19:38:00,2,3.8,232,43,17.4
2,2026-01-11 15:05:00,2026-01-11 15:13:00,4,2.51,161,165,12.03
1,2026-01-01 05:17:00,2026-01-01 06:11:00,1,1.1,108,251,19.59
1,2026-01-20 16:45:00,2026-01-20 17:23:00,2,1.81,248,42,17.56
2,2026-01-04 07:24:00,2026-01-04 07:40:00,2,4.76,225,250,20.33
2,2026-01-01 09:18:00,2026-01-01 09:57:00,2,5.08,151,129,26.98
2,2026-01-09 23:59:00,2026-01-10 00:52:00,1,3.08,170,70,24.86
1,2026-01-14 13:26:00,2026-01-14 13:41:00,1,3.73,92,241,17.2
2,2026-01-14 07:44:00,2026-01-14 08:04:00,1,1.3,35,177,11.64
2,2026-01-19 04:37:00,2026-01-19 05:06:00,2,0.3,157,207,11.09
2,2026-01-24 02:41:00,2026-01-24 03:23:00,1,4.02,40,142,24.75
1,2026-01-08 04:00:00,2026-01-08 04:19:00,1,1.69,119,47,12.49
2,2026-01-08 00:30:00,2026-01-08 00:56:00,2,2.41,1,40,16.25
1,2026-01-21 03:20:00,2026-01-21 03:58:00,2,1.86,155,61,17.71
1,2026-01-17 18:24:00,2026-01-17 19:05:00,2,1.09,163,227,16.29
2,2026-01-19 13:41:00,2026-01-19 13:58:00,4,2.23,179,13,13.5
1,2026-01-20 21:49:00,2026-01-20 22:41:00,2,2.45,178,218,22.85
2,2026-01-16 23:11:00,2026-01-16 23:29:00,2,3.6,6,227,17.57
2,2026-01-09 07:00:00,2026-01-09 07:31:00,3,5.07,7,23,24.95
1,2026-01-03 10:36:00,2026-01-03 11:27:00,1,2.05,161,91,21.49
2,2026-01-18 21:53:00,2026-01-18 22:44:00,2,3.42,29,87,25.34
1,2026-01-01 14:42:00,2026-01-01 15:14:00,1,1.21,207,32,14.39
1,2026-01-22 09:09:00,2026-01-22 09:32:00,2,4.19,137,180,20.49
1,2026-01-20 18:05:00,2026-01-20 18:40:00,1,4.11,94,42,23.25
2,2026-01-28 09:57:00,2026-01-28 10:17:00,1,3.09,195,97,16.64
2,2026-01-19 18:16:00,2026-01-19 18:58:00,1,3.99,198,108,24.68
2,2026-01-28 13:51:00,2026-01-28 14:10:00,1,1.66,148,176,12.39
2,2026-01-22 21:49:00,2026-01-22 22:11:00,1,0.75,108,112,10.6
1,2026-01-02 08:59:00,2026-01-02 09:05:00,1,2.25,244,82,10.79
1,2026-01-16 06:19:00,2026-01-16 06:54:00,2,2.61,84,96,19.07
2,2026-01-27 07:29:00,2026-01-27 07:49:00,2,4.18,79,260,19.72
2,2026-01-18 02:37:00,2026-01-18 03:02:00,2,2.89,132,73,17.35
2,2026-01-17 21:10:00,2026-01-17 21:43:00,1,1.99,230,47,16.82
2,2026-01-21 08:10:00,2026-01-21 08:36:00,4,2.51,161,69,16.54
2,2026-01-14 22:57:00,2026-01-14 23:46:00,2,0.88,145,218,17.72
1,2026-01-26 00:01:00,2026-01-26 00:45:00,1,1.25,114,92,17.5
1,2026-01-16 10:21:00,2026-01-16 10:27:00,2,3.59,257,204,14.54
1,2026-01-09 00:02:00,2026-01-09 00:27:00,1,1.22,109,223,12.66
2,2026-01-17 09:41:00,2026-01-17 09:57:00,4,2.26,162,204,13.33
2,2026-01-04 12:22:00,2026-01-04 13:09:00,4,0.3,260,206,15.59
1,2026-01-03 07:19:00,2026-01-03 07:52:00,1,3.54,162,197,21.15
2,2026-01-26 04:16:00,2026-01-26 04:54:00,1,1.74,102,233,17.38
2,2026-01-20 19:18:00,2026-01-20 20:13:00,2,2.47,21,13,23.68
2,2026-01-01 17:28:00,2026-01-01 18:20:00,2,3.0,161,75,24.4
2,2026-01-12 17:22:00,2026-01-12 18:14:00,2,2.31,76,41,22.45
1,2026-01-18 02:01:00,2026-01-18 02:43:00,4,3.55,41,243,23.45
1,2026-01-19 15:17:00,2026-01-19 15:40:00,3,1.33,96,257,12.46
1,2026-01-13 03:17:00,2026-01-13 03:49:00,4,0.66,3,107,12.85
